Produs,MarimeaPortiei_x,Caloriile,CaloriiDinGrasime,GrasimeTotala,GrasimiTotale(%valoareZilnica),GrasimeSaturata,GrasimiSaturate(%valoareZilnica),GrasimiNesaturate,Colesterolul,Colesterol(%valoareZilnica),Sodiu,Sodiu(%valoareZilnica),Carbohidrati,Carbohidrati(%valoareZilnica),FibreDietetice,FibreDietetice(%valoareZilnica),Zaharuri,Proteina,VitaminaA(%valoareZilnica),VitaminaC(%valoareZilnica),Calciu(%valoareZilnica),Fier(%valoareZilnica),MarimeaPortiei_y,Categorie
Egg McMuffin,4.8 oz (136 g),300,120,13.0,20,5.0,25,0.0,260,87,750,31,31,10,4,17,3,17,10,0,25,15,4.8 oz (136 g),Breakfast
Egg White Delight,4.8 oz (135 g),250,70,8.0,12,3.0,15,0.0,25,8,770,32,30,10,4,17,3,18,6,0,25,8,4.8 oz (135 g),Breakfast
Sausage McMuffin,3.9 oz (111 g),370,200,23.0,35,8.0,42,0.0,45,15,780,33,29,10,4,17,2,14,8,0,25,10,3.9 oz (111 g),Breakfast
Sausage McMuffin with Egg,5.7 oz (161 g),450,250,28.0,43,10.0,52,0.0,285,95,860,36,30,10,4,17,2,21,15,0,30,15,5.7 oz (161 g),Breakfast
Sausage McMuffin with Egg Whites,5.7 oz (161 g),400,210,23.0,35,8.0,42,0.0,50,16,880,37,30,10,4,17,2,21,6,0,25,10,5.7 oz (161 g),Breakfast
Big Mac,7.4 oz (211 g),530,240,27.0,42,10.0,48,1.0,85,28,960,40,47,16,3,13,9,24,6,2,25,25,7.4 oz (211 g),Beef & Pork
Quarter Pounder with Cheese,7.1 oz (202 g),520,240,26.0,41,12.0,61,1.5,95,31,1100,46,41,14,3,11,10,30,10,2,30,25,7.1 oz (202 g),Beef & Pork
Quarter Pounder with Bacon & Cheese,8 oz (227 g),600,260,29.0,45,13.0,63,1.5,105,34,1440,60,48,16,3,12,12,37,6,15,25,30,8 oz (227 g),Beef & Pork
Quarter Pounder with Bacon Habanero Ranch,8.3 oz (235 g),610,280,31.0,48,13.0,64,1.5,105,35,1180,49,46,15,3,14,10,37,8,20,25,30,8.3 oz (235 g),Beef & Pork
Quarter Pounder Deluxe,8.6 oz (244 g),540,250,27.0,42,11.0,54,1.5,85,28,960,40,45,15,3,13,9,29,10,8,25,30,8.6 oz (244 g),Beef & Pork
Premium Crispy Chicken Classic Sandwich,7.5 oz (213 g),510,200,22.0,33,3.5,18,0.0,45,16,990,41,55,18,3,13,10,24,4,6,15,20,7.5 oz (213 g),Chicken & Fish
Premium Grilled Chicken Classic Sandwich,7 oz (200 g),350,80,9.0,13,2.0,9,0.0,65,22,820,34,42,14,3,13,8,28,4,8,15,20,7 oz (200 g),Chicken & Fish
Premium Crispy Chicken Club Sandwich,8.8 oz (249 g),670,300,33.0,51,9.0,44,0.0,85,29,1410,59,58,19,3,14,11,36,8,20,30,20,8.8 oz (249 g),Chicken & Fish
Premium Grilled Chicken Club Sandwich,8.3 oz (235 g),510,180,20.0,31,7.0,36,0.0,105,35,1250,52,44,15,3,13,9,40,8,20,30,20,8.3 oz (235 g),Chicken & Fish
Premium Crispy Chicken Ranch BLT Sandwich,8.1 oz (230 g),610,250,28.0,43,6.0,31,0.0,70,24,1400,58,57,19,3,13,11,32,4,20,15,20,8.1 oz (230 g),Chicken & Fish
Premium Bacon Ranch Salad (without Chicken),7.9 oz (223 g),140,70,7.0,11,3.5,18,0.0,25,9,300,13,10,3,3,12,4,9,170,30,15,6,7.9 oz (223 g),Salads
Premium Bacon Ranch Salad with Crispy Chicken,9 oz (255 g),380,190,21.0,33,6.0,29,0.0,70,23,860,36,22,7,2,10,5,25,100,25,15,8,9 oz (255 g),Salads
Premium Bacon Ranch Salad with Grilled Chicken,8.5 oz (241 g),220,80,8.0,13,4.0,20,0.0,85,29,690,29,8,3,2,10,4,29,110,30,15,8,8.5 oz (241 g),Salads
Premium Southwest Salad (without Chicken),8.1 oz (230 g),140,40,4.5,7,2.0,9,0.0,10,3,150,6,20,7,6,23,6,6,160,25,15,10,8.1 oz (230 g),Salads
Premium Southwest Salad with Crispy Chicken,12.3 oz (348 g),450,190,22.0,33,4.5,22,0.0,50,17,850,35,42,14,7,28,12,23,170,30,15,15,12.3 oz (348 g),Salads
Chipotle BBQ Snack Wrap (Crispy Chicken),4.6 oz (130 g),340,130,15.0,23,4.5,22,0.0,30,11,780,33,37,12,1,6,8,14,4,0,10,10,4.6 oz (130 g),Snacks & Sides
Chipotle BBQ Snack Wrap (Grilled Chicken),4.3 oz (123 g),260,70,8.0,13,3.5,18,0.0,40,14,700,29,30,10,1,6,7,16,4,2,10,10,4.3 oz (123 g),Snacks & Sides
Honey Mustard Snack Wrap (Crispy Chicken),4.3 oz (123 g),330,130,15.0,23,4.5,22,0.0,35,11,730,30,34,11,1,5,3,14,2,0,10,10,4.3 oz (123 g),Snacks & Sides
Honey Mustard Snack Wrap (Grilled Chicken),4.1 oz (116 g),250,70,8.0,13,3.5,18,0.0,45,14,650,27,27,9,1,5,2,16,2,2,10,10,4.1 oz (116 g),Snacks & Sides
Ranch Snack Wrap (Crispy Chicken),4.5 oz (128 g),360,180,20.0,30,5.0,27,0.0,40,13,810,34,32,11,1,5,3,15,2,0,10,10,4.5 oz (128 g),Snacks & Sides
Baked Apple Pie,2.7 oz (77 g),250,110,13.0,19,7.0,35,0.0,0,0,170,7,32,11,4,15,13,2,4,25,2,6,2.7 oz (77 g),Desserts
Chocolate Chip Cookie,1 cookie (33 g),160,70,8.0,12,3.5,19,0.0,10,3,90,4,21,7,1,3,15,2,2,0,2,8,1 cookie (33 g),Desserts
Oatmeal Raisin Cookie,1 cookie (33 g),150,50,6.0,9,2.5,13,0.0,10,3,135,6,22,7,1,3,13,2,2,0,2,6,1 cookie (33 g),Desserts
Kids Ice Cream Cone,1 oz (29 g),45,10,1.5,2,1.0,4,0.0,5,2,20,1,7,2,0,0,6,1,2,0,4,0,1 oz (29 g),Desserts
Hot Fudge Sundae,6.3 oz (179 g),330,80,9.0,14,7.0,34,0.0,25,8,170,7,53,18,1,3,48,8,8,0,25,8,6.3 oz (179 g),Desserts
Coca-Cola Classic (Small),16 fl oz cup,140,0,0.0,0,0.0,0,0.0,0,0,0,0,39,13,0,0,39,0,0,0,0,0,16 fl oz cup,Beverages
Coca-Cola Classic (Medium),21 fl oz cup,200,0,0.0,0,0.0,0,0.0,0,0,5,0,55,18,0,0,55,0,0,0,0,0,21 fl oz cup,Beverages
Coca-Cola Classic (Large),30 fl oz cup,280,0,0.0,0,0.0,0,0.0,0,0,5,0,76,25,0,0,76,0,0,0,0,0,30 fl oz cup,Beverages
Coca-Cola Classic (Child),12 fl oz cup,100,0,0.0,0,0.0,0,0.0,0,0,0,0,28,9,0,0,28,0,0,0,0,0,12 fl oz cup,Beverages
Diet Coke (Small),16 fl oz cup,0,0,0.0,0,0.0,0,0.0,0,0,10,0,0,0,0,0,0,0,0,0,0,0,16 fl oz cup,Beverages
Iced Tea (Small),16 fl oz cup,0,0,0.0,0,0.0,0,0.0,0,0,10,0,0,0,0,0,0,0,0,0,0,0,16 fl oz cup,Coffee & Tea
Iced Tea (Medium),21 fl oz cup,0,0,0.0,0,0.0,0,0.0,0,0,10,0,0,0,0,0,0,0,0,0,0,0,21 fl oz cup,Coffee & Tea
Iced Tea (Large),30 fl oz cup,0,0,0.0,0,0.0,0,0.0,0,0,15,1,0,0,0,0,0,0,0,0,0,0,30 fl oz cup,Coffee & Tea
Iced Tea (Child),12 fl oz cup,0,0,0.0,0,0.0,0,0.0,0,0,5,0,0,0,0,0,0,0,0,0,0,0,12 fl oz cup,Coffee & Tea
Sweet Tea (Small),16 fl oz cup,150,0,0.0,0,0.0,0,0.0,0,0,10,0,36,12,0,0,36,1,0,0,0,0,16 fl oz cup,Coffee & Tea
Blueberry Pomegranate Smoothie (Small),12 fl oz cup,220,5,0.5,1,0.0,0,0.0,5,1,40,2,50,17,3,12,44,2,0,2,6,2,12 fl oz cup,Smoothies & Shakes
Blueberry Pomegranate Smoothie (Medium),16 fl oz cup,260,5,1.0,1,0.0,0,0.0,5,1,50,2,62,21,4,15,54,3,0,4,8,2,16 fl oz cup,Smoothies & Shakes
Blueberry Pomegranate Smoothie (Large),22 fl oz cup,340,10,1.0,2,0.5,3,0.0,5,2,65,3,79,26,5,19,70,4,0,4,10,2,22 fl oz cup,Smoothies & Shakes
Strawberry Banana Smoothie (Small),12 fl oz cup,210,5,0.5,1,0.0,0,0.0,5,1,50,2,47,16,3,10,44,3,0,30,8,2,12 fl oz cup,Smoothies & Shakes
Strawberry Banana Smoothie (Medium),16 fl oz cup,250,5,1.0,1,0.0,0,0.0,5,1,60,2,58,19,3,13,54,4,0,35,8,4,16 fl oz cup,Smoothies & Shakes
